Workbook

Sheet Cost Summary
A1: NICTD Data Mining Phase — Cost Summary
A2: Live totals. Every figure here is a formula pulling from the other sheets — edit any blue input anywhere and this page updates instantly.
A4: Cost component | B4: Notes | C4: USD
A5: Field team labour | B5: 118 enumerators, 33 KII, 31 supervisors, 15 leads (all 15 counties) | C5: ='Field Team Cost'!$F$20 -> 390250
A6: Data team labour | B6: Post-collection processing (see Data Team sheet) | C6: ='Data Team'!$F$11 -> 57500
A7: Central management | B7: Survey/Project Director (G6) x 55 days | C7: =55*'Pay Grades'!$B$13 -> 16500
A8: Labour subtotal | B8: Field + Data Team + Management | C8: =SUM(C5:C7) -> 464250
A9: Contingency | B9: Editable % of labour subtotal -> | C9: =C8*D9 -> 46425 | D9: 0.1
A10: Non-labour (optional) | B10: Transport, tablets, per-diem, training — fill if applicable | C10: 0
A11: GRAND TOTAL | B11: Labour subtotal + contingency + non-labour | C11: =C8+C9+C10 -> 510675
A13: Workforce recap
A14: Group | C14: Headcount
A15: Total field workforce | C15: =197 -> 197
A16: Data team headcount | C16: ='Data Team'!$D$11 -> 15
A17: Grand total workforce | C17: =197+'Data Team'!$D$11+1 -> 213

Sheet Pay Grades
A1: Pay Grade Ladder
A2: Only the two blue cells are inputs. Each grade = previous grade + step, so changing the base or the step recomputes every rate — and every cost on the other sheets.
A4: Base daily rate (Grade 1, USD) | B4: 50
A5: Step per grade (USD) | B5: 50
A7: Grade | B7: Daily rate (USD) | C7: Example roles at this grade
A8: G1 | B8: =$B$4 -> 50 | C8: Enumerator (field data collector)
A9: G2 | B9: =B8+$B$5 -> 100 | C9: Facility / KII collector · Data processing clerk
A10: G3 | B10: =B9+$B$5 -> 150 | C10: Field supervisor · Data quality analyst
A11: G4 | B11: =B10+$B$5 -> 200 | C11: County research lead · Database/CAPI engineer · GIS analyst
A12: G5 | B12: =B11+$B$5 -> 250 | C12: Sampling statistician · Data Team lead
A13: G6 | B13: =B12+$B$5 -> 300 | C13: Survey / Project Director

Sheet Field Team Cost
A1: Field Team Cost by County
A2: Cost = headcount x paid days x grade rate. Edit any headcount (cols B-E) or the paid-days block (blue) and the county cost + totals recompute.
A4: County | B4: Enum. (n) | C4: KII (n) | D4: Superv. (n) | E4: Leads (n) | F4: County labour cost (USD) | J4: Role | K4: Paid days | L4: Grade
A5: Montserrado | B5: 13 | C5: 3 | D5: 3 | E5: 1 | F5: =B5*$K$5*'Pay Grades'!$B$8+C5*$K$6*'Pay Grades'!$B$9+D5*$K$7*'Pay Grades'!$B$10+E5*$K$8*'Pay Grades'!$B$11 -> 36250 | J5: Enumerator | K5: 20 | L5: G1
A6: Nimba | B6: 9 | C6: 3 | D6: 2 | E6: 1 | F6: =B6*$K$5*'Pay Grades'!$B$8+C6*$K$6*'Pay Grades'!$B$9+D6*$K$7*'Pay Grades'!$B$10+E6*$K$8*'Pay Grades'!$B$11 -> 28500 | J6: Facility / KII collector | K6: 20 | L6: G2
A7: Bong | B7: 9 | C7: 3 | D7: 2 | E7: 1 | F7: =B7*$K$5*'Pay Grades'!$B$8+C7*$K$6*'Pay Grades'!$B$9+D7*$K$7*'Pay Grades'!$B$10+E7*$K$8*'Pay Grades'!$B$11 -> 28500 | J7: Field supervisor | K7: 25 | L7: G3
A8: Lofa | B8: 8 | C8: 2 | D8: 2 | E8: 1 | F8: =B8*$K$5*'Pay Grades'!$B$8+C8*$K$6*'Pay Grades'!$B$9+D8*$K$7*'Pay Grades'!$B$10+E8*$K$8*'Pay Grades'!$B$11 -> 25500 | J8: County research lead | K8: 30 | L8: G4
A9: Grand Bassa | B9: 8 | C9: 2 | D9: 2 | E9: 1 | F9: =B9*$K$5*'Pay Grades'!$B$8+C9*$K$6*'Pay Grades'!$B$9+D9*$K$7*'Pay Grades'!$B$10+E9*$K$8*'Pay Grades'!$B$11 -> 25500
A10: Margibi | B10: 8 | C10: 2 | D10: 2 | E10: 1 | F10: =B10*$K$5*'Pay Grades'!$B$8+C10*$K$6*'Pay Grades'!$B$9+D10*$K$7*'Pay Grades'!$B$10+E10*$K$8*'Pay Grades'!$B$11 -> 25500
A11: Maryland | B11: 7 | C11: 2 | D11: 2 | E11: 1 | F11: =B11*$K$5*'Pay Grades'!$B$8+C11*$K$6*'Pay Grades'!$B$9+D11*$K$7*'Pay Grades'!$B$10+E11*$K$8*'Pay Grades'!$B$11 -> 24500
A12: Grand Cape Mount | B12: 7 | C12: 2 | D12: 2 | E12: 1 | F12: =B12*$K$5*'Pay Grades'!$B$8+C12*$K$6*'Pay Grades'!$B$9+D12*$K$7*'Pay Grades'!$B$10+E12*$K$8*'Pay Grades'!$B$11 -> 24500
A13: Grand Gedeh | B13: 7 | C13: 2 | D13: 2 | E13: 1 | F13: =B13*$K$5*'Pay Grades'!$B$8+C13*$K$6*'Pay Grades'!$B$9+D13*$K$7*'Pay Grades'!$B$10+E13*$K$8*'Pay Grades'!$B$11 -> 24500
A14: Sinoe | B14: 7 | C14: 2 | D14: 2 | E14: 1 | F14: =B14*$K$5*'Pay Grades'!$B$8+C14*$K$6*'Pay Grades'!$B$9+D14*$K$7*'Pay Grades'!$B$10+E14*$K$8*'Pay Grades'!$B$11 -> 24500
A15: Bomi | B15: 7 | C15: 2 | D15: 2 | E15: 1 | F15: =B15*$K$5*'Pay Grades'!$B$8+C15*$K$6*'Pay Grades'!$B$9+D15*$K$7*'Pay Grades'!$B$10+E15*$K$8*'Pay Grades'!$B$11 -> 24500
A16: Gbarpolu | B16: 7 | C16: 2 | D16: 2 | E16: 1 | F16: =B16*$K$5*'Pay Grades'!$B$8+C16*$K$6*'Pay Grades'!$B$9+D16*$K$7*'Pay Grades'!$B$10+E16*$K$8*'Pay Grades'!$B$11 -> 24500
A17: River Cess | B17: 7 | C17: 2 | D17: 2 | E17: 1 | F17: =B17*$K$5*'Pay Grades'!$B$8+C17*$K$6*'Pay Grades'!$B$9+D17*$K$7*'Pay Grades'!$B$10+E17*$K$8*'Pay Grades'!$B$11 -> 24500
A18: River Gee | B18: 7 | C18: 2 | D18: 2 | E18: 1 | F18: =B18*$K$5*'Pay Grades'!$B$8+C18*$K$6*'Pay Grades'!$B$9+D18*$K$7*'Pay Grades'!$B$10+E18*$K$8*'Pay Grades'!$B$11 -> 24500
A19: Grand Kru | B19: 7 | C19: 2 | D19: 2 | E19: 1 | F19: =B19*$K$5*'Pay Grades'!$B$8+C19*$K$6*'Pay Grades'!$B$9+D19*$K$7*'Pay Grades'!$B$10+E19*$K$8*'Pay Grades'!$B$11 -> 24500
A20: FIELD TEAM TOTAL | B20: =SUM(B5:B19) -> 118 | C20: =SUM(C5:C19) -> 33 | D20: =SUM(D5:D19) -> 31 | E20: =SUM(E5:E19) -> 15 | F20: =SUM(F5:F19) -> 390250

Sheet Data Team
A1: Data Team — Post-Collection Processing
A2: Central team that cleans, validates, weights, codes, maps and uploads the field data into NICTD. Edit headcount or paid days (blue) to recompute.
A4: Role | B4: Responsibility | C4: Grade | D4: Headcount | E4: Paid days | F4: Cost (USD)
A5: Data Team Lead | B5: Owns the processing pipeline, review queue & final sign-off | C5: G5 | D5: 1 | E5: 45 | F5: =D5*E5*'Pay Grades'!$B$12 -> 11250
A6: Sampling Statistician | B6: Weighting, county estimates, precision & error checks | C6: G5 | D6: 1 | E6: 25 | F6: =D6*E6*'Pay Grades'!$B$12 -> 6250
A7: Database / CAPI Engineer | B7: Builds CAPI instrument, sync server, upload pipeline to NICTD | C7: G4 | D7: 2 | E7: 30 | F7: =D7*E7*'Pay Grades'!$B$11 -> 12000
A8: GIS / Mapping Analyst | B8: Enumeration-area frames, geocoding, choropleth prep | C8: G4 | D8: 1 | E8: 20 | F8: =D8*E8*'Pay Grades'!$B$11 -> 4000
A9: Data Quality Analyst | B9: Validation rules, cleaning, outlier & consistency review | C9: G3 | D9: 4 | E9: 25 | F9: =D9*E9*'Pay Grades'!$B$10 -> 15000
A10: Data Processing Clerk | B10: Coding open responses, data entry backup, reconciliation | C10: G2 | D10: 6 | E10: 15 | F10: =D10*E10*'Pay Grades'!$B$9 -> 9000
A11: DATA TEAM TOTAL | D11: =SUM(D5:D10) -> 15 | F11: =SUM(F5:F10) -> 57500
